<?xml version="1.0" encoding="UTF-8"?>
<beans xmlns="http://www.springframework.org/schema/beans"
       xmlns:xsi="http://www.w3.org/2001/XMLSchema-instance"
       xmlns:p="http://www.springframework.org/schema/p"
       xmlns:context="http://www.springframework.org/schema/context"
       xmlns:jms="http://www.springframework.org/schema/jms"
       xmlns:amq="http://activemq.apache.org/schema/core"
       xsi:schemaLocation="http://www.springframework.org/schema/beans 
                           http://www.springframework.org/schema/beans/spring-beans.xsd
                           http://www.springframework.org/schema/context 
                           http://www.springframework.org/schema/context/spring-context.xsd
                           http://www.springframework.org/schema/jms 
                           http://www.springframework.org/schema/jms/spring-jms.xsd
                           http://activemq.apache.org/schema/core 
                           http://activemq.apache.org/schema/core/activemq-core.xsd">
 
    <context:component-scan base-package="org.springbyexample.jms" />
    
    <!--  Embedded ActiveMQ Broker -->
    <amq:broker id="broker" useJmx="false" persistent="false">
        <amq:transportConnectors>
            <amq:transportConnector uri="tcp://localhost:0" />
        </amq:transportConnectors>
    </amq:broker>

    <!--  ActiveMQ Destination  -->
    <amq:queue id="destination" physicalName="org.springbyexample.jms.test" />

    <!-- JMS ConnectionFactory to use, configuring the embedded broker using XML -->
    <amq:connectionFactory id="jmsFactory" brokerURL="vm://localhost" />

    <!-- JMS Producer Configuration -->
    <bean id="jmsProducerConnectionFactory" class="org.springframework.jms.connection.SingleConnectionFactory"  depends-on="broker" p:targetConnectionFactory-ref="jmsFactory" />

    <bean id="jmsProducerTemplate" class="org.springframework.jms.core.JmsTemplate"  p:connectionFactory-ref="jmsProducerConnectionFactory"  p:defaultDestination-ref="destination" />


		<!-- JMS Consumer Configuration -->
    <bean id="jmsConsumerConnectionFactory" class="org.springframework.jms.connection.SingleConnectionFactory"  depends-on="broker"  p:targetConnectionFactory-ref="jmsFactory" />
        
    <jms:listener-container container-type="default" connection-factory="jmsConsumerConnectionFactory" acknowledge="auto">
    			<jms:listener destination="org.springbyexample.jms.test" ref="jmsMessageListener" />
    </jms:listener-container>

    <!-- Counter for consumer to increment and test2 to verify count -->
    <bean id="counter" class="java.util.concurrent.atomic.AtomicInteger" />
 
    
</beans>
        