<?xml version="1.0" encoding="UTF-8"?>
<beans xmlns="http://www.springframework.org/schema/beans"
       xmlns:xsi="http://www.w3.org/2001/XMLSchema-instance"
       xmlns:jms="http://www.springframework.org/schema/integration/jms"
       xmlns:si="http://www.springframework.org/schema/integration"
       xsi:schemaLocation="http://www.springframework.org/schema/integration/jms

http://www.springframework.org/schema/integration/jms/spring-integration-jms-2.0.xsd

http://www.springframework.org/schema/integration

http://www.springframework.org/schema/integration/spring-integration-2.0.xsd

http://www.springframework.org/schema/beans

          http://www.springframework.org/schema/beans/spring-beans-3.0.xsd">

    <import resource="classpath:META-INF/spring/amq-context.xml"/>

    <!-- Pickup the @Gateway annotation -->
    <si:annotation-config/>

    <si:poller default="true">
        <si:interval-trigger interval="500"/>
    </si:poller>

    <!-- Define the channel (pipe) connecting the endpoints -->
    <si:channel id="myRequestChannel"/>

    <!-- Configure the Gateway to Send on the channel -->
    <si:gateway id="myJmsGateway"
                service-interface="com.gordondickens.sijms.MyJmsGateway"
                default-request-channel="myRequestChannel"/>

    <!-- Send message to JMS -->
    <jms:outbound-channel-adapter channel="myRequestChannel"
                                  connection-factory="connectionFactory"
                                  destination="my.inbound.queue"/>
</beans>